{
  "entity.lightning_bolt.impact": {
	  "replace": true,
	  "sounds": [
		"ambient/weather/impact1",
		"ambient/weather/impact2",
		"ambient/weather/impact3",
		"ambient/weather/impact4"
	  ],
	  "subtitle": "subtitles.entity.lightning_bolt.impact"
  },
  "entity.lightning_bolt.thunder": {
	  "replace": true,
    "sounds": [
      "ambient/weather/thunder1",
      "ambient/weather/thunder2",
      "ambient/weather/thunder3",
      "ambient/weather/thunder4"
    ],
    "subtitle": "subtitles.entity.lightning_bolt.thunder"
  },
  "weather.rain": {
	  "replace": true,
    "sounds": [
      "ambient/weather/rain1",
      "ambient/weather/rain2",
      "ambient/weather/rain3",
	  "ambient/weather/rain4",
	  "ambient/weather/rain5",
	  "ambient/weather/rain6",
	  "ambient/weather/rain7",
	  "ambient/weather/rain8"
    ],
    "subtitle": "subtitles.weather.rain"
  },
  "weather.rain.above": {
	  "replace": true,
    "sounds": [
      "ambient/weather/rain1",
      "ambient/weather/rain2",
      "ambient/weather/rain3",
      "ambient/weather/rain5"
    ],
    "subtitle": "subtitles.weather.rain"
  }
}
