{
    "name": "roll",
    "author": "Malfu",
    "description": "forward step animation",
    "emote":{
        "isLoop": "false",
        "returnTick": 2,
        "beginTick":1,
        "endTick":10,
        "stopTick":13,
        "degrees":false,
        "moves":[
            
            {
                "tick":3,
                "easing": "EASEINOUTQUAD",
                "turn": 0,
                "head":{
                    "y":-0.0
                }
            },
            {
                "tick":10,
                "easing": "EASEINOUTQUAD",
                "turn": 0,
                "head":{
                    "y":-0.0
                }
            },
            {
                "tick":3,
                "easing": "EASEINOUTQUAD",
                "turn": 0,
                "head":{
                    "z":-0.0
                }
            },
            {
                "tick":10,
                "easing": "EASEINOUTQUAD",
                "turn": 0,
                "head":{
                    "z":-0.0
                }
            },
            {
                "tick":3,
                "easing": "EASEINOUTQUAD",
                "turn": 0,
                "head":{
                    "x":-0.0
                }
            },
            {
                "tick":10,
                "easing": "EASEINOUTQUAD",
                "turn": 0,
                "head":{
                    "x":-0.0
                }
            },
            {
                "tick":3,
                "easing": "EASEINOUTQUAD",
                "turn": 0,
                "head":{
                    "yaw":-0.3506088852882385
                }
            },
            {
                "tick":10,
                "easing": "EASEINOUTQUAD",
                "turn": 0,
                "head":{
                    "yaw":-0.05482357740402222
                }
            },
            {
                "tick":3,
                "easing": "EASEINOUTQUAD",
                "turn": 0,
                "head":{
                    "roll":3.520287705782721e-08
                }
            },
            {
                "tick":10,
                "easing": "EASEINOUTQUAD",
                "turn": 0,
                "head":{
                    "roll":0.021349675953388214
                }
            },
            {
                "tick":3,
                "easing": "EASEINOUTQUAD",
                "turn": 0,
                "head":{
                    "pitch":-0.3934200704097748
                }
            },
            {
                "tick":10,
                "easing": "EASEINOUTQUAD",
                "turn": 0,
                "head":{
                    "pitch":0.068670853972435
                }
            },
            {
                "tick":1,
                "easing": "LINEAR",
                "turn": 0,
                "torso":{
                    "yaw":-0.17762915790081024
                }
            },
            {
                "tick":2,
                "easing": "EASEINOUTQUAD",
                "turn": 0,
                "torso":{
                    "yaw":-0.3552583158016205
                }
            },
            {
                "tick":5,
                "easing": "EASEINOUTQUAD",
                "turn": 0,
                "torso":{
                    "yaw":-0.4978155791759491
                }
            },
            {
                "tick":8,
                "easing": "EASEINOUTQUAD",
                "turn": 0,
                "torso":{
                    "yaw":-0.03477148339152336
                }
            },
            {
                "tick":10,
                "easing": "EASEINOUTQUAD",
                "turn": 0,
                "torso":{
                    "yaw":-0.03477148339152336
                }
            },
            {
                "tick":1,
                "easing": "LINEAR",
                "turn": 0,
                "torso":{
                    "roll":0.1113026887178421
                }
            },
            {
                "tick":2,
                "easing": "EASEINOUTQUAD",
                "turn": 0,
                "torso":{
                    "roll":0.22260534763336182
                }
            },
            {
                "tick":5,
                "easing": "EASEINOUTQUAD",
                "turn": 0,
                "torso":{
                    "roll":0.33769455552101135
                }
            },
            {
                "tick":8,
                "easing": "EASEINOUTQUAD",
                "turn": 0,
                "torso":{
                    "roll":0.008839864283800125
                }
            },
            {
                "tick":10,
                "easing": "EASEINOUTQUAD",
                "turn": 0,
                "torso":{
                    "roll":0.008839864283800125
                }
            },
            {
                "tick":1,
                "easing": "LINEAR",
                "turn": 0,
                "torso":{
                    "pitch":-0.43633222579956055
                }
            },
            {
                "tick":2,
                "easing": "EASEINOUTQUAD",
                "turn": 0,
                "torso":{
                    "pitch":-0.9204658269882202
                }
            },
            {
                "tick":5,
                "easing": "EASEINOUTQUAD",
                "turn": 0,
                "torso":{
                    "pitch":-0.6586447954177856
                }
            },
            {
                "tick":8,
                "easing": "EASEINOUTQUAD",
                "turn": 0,
                "torso":{
                    "pitch":-0.17453289031982422
                }
            },
            {
                "tick":10,
                "easing": "EASEINOUTQUAD",
                "turn": 0,
                "torso":{
                    "pitch":-0.3834134042263031
                }
            },
            {
                "tick":1,
                "easing": "LINEAR",
                "turn": 0,
                "torso":{
                    "y":-0.10236471891403198
                }
            },
            {
                "tick":2,
                "easing": "EASEINOUTQUAD",
                "turn": 0,
                "torso":{
                    "y":-0.05615434795618057
                }
            },
            {
                "tick":5,
                "easing": "EASEINOUTQUAD",
                "turn": 0,
                "torso":{
                    "y":0.0942925438284874
                }
            },
            {
                "tick":8,
                "easing": "EASEINOUTQUAD",
                "turn": 0,
                "torso":{
                    "y":-0.04972000792622566
                }
            },
            {
                "tick":10,
                "easing": "EASEINOUTQUAD",
                "turn": 0,
                "torso":{
                    "y":-0.11640331149101257
                }
            },
            {
                "tick":1,
                "easing": "LINEAR",
                "turn": 0,
                "torso":{
                    "x":0.0
                }
            },
            {
                "tick":2,
                "easing": "EASEINOUTQUAD",
                "turn": 0,
                "torso":{
                    "x":0.0
                }
            },
            {
                "tick":5,
                "easing": "EASEINOUTQUAD",
                "turn": 0,
                "torso":{
                    "x":0.0
                }
            },
            {
                "tick":8,
                "easing": "EASEINOUTQUAD",
                "turn": 0,
                "torso":{
                    "x":0.0
                }
            },
            {
                "tick":10,
                "easing": "EASEINOUTQUAD",
                "turn": 0,
                "torso":{
                    "x":0.0
                }
            },
            {
                "tick":1,
                "easing": "LINEAR",
                "turn": 0,
                "torso":{
                    "z":-0.0
                }
            },
            {
                "tick":2,
                "easing": "EASEINOUTQUAD",
                "turn": 0,
                "torso":{
                    "z":-0.28638723492622375
                }
            },
            {
                "tick":5,
                "easing": "EASEINOUTQUAD",
                "turn": 0,
                "torso":{
                    "z":-0.45063871145248413
                }
            },
            {
                "tick":8,
                "easing": "EASEINOUTQUAD",
                "turn": 0,
                "torso":{
                    "z":-0.3916766047477722
                }
            },
            {
                "tick":10,
                "easing": "EASEINOUTQUAD",
                "turn": 0,
                "torso":{
                    "z":-0.3916766047477722
                }
            },
            {
                "tick":5,
                "easing": "LINEAR",
                "turn": 0,
                "rightArm":{
                    "yaw":-0.12413650006055832
                }
            },
            {
                "tick":10,
                "easing": "EASEINOUTQUAD",
                "turn": 0,
                "rightArm":{
                    "yaw":0.03969969600439072
                }
            },
            {
                "tick":5,
                "easing": "LINEAR",
                "turn": 0,
                "rightArm":{
                    "roll":0.19981883466243744
                }
            },
            {
                "tick":10,
                "easing": "EASEINOUTQUAD",
                "turn": 0,
                "rightArm":{
                    "roll":0.18578007817268372
                }
            },
            {
                "tick":5,
                "easing": "LINEAR",
                "turn": 0,
                "rightArm":{
                    "y":2.638583183288574
                }
            },
            {
                "tick":10,
                "easing": "EASEINOUTQUAD",
                "turn": 0,
                "rightArm":{
                    "y":2.0
                }
            },
            {
                "tick":5,
                "easing": "LINEAR",
                "turn": 0,
                "rightArm":{
                    "z":0.5733579397201538
                }
            },
            {
                "tick":10,
                "easing": "EASEINOUTQUAD",
                "turn": 0,
                "rightArm":{
                    "z":-0.0
                }
            },
            {
                "tick":5,
                "easing": "LINEAR",
                "turn": 0,
                "rightArm":{
                    "x":-5.318395614624023
                }
            },
            {
                "tick":10,
                "easing": "EASEINOUTQUAD",
                "turn": 0,
                "rightArm":{
                    "x":-5.0
                }
            },
            {
                "tick":5,
                "easing": "LINEAR",
                "turn": 0,
                "rightArm":{
                    "pitch":0.7324187159538269
                }
            },
            {
                "tick":10,
                "easing": "EASEINOUTQUAD",
                "turn": 0,
                "rightArm":{
                    "pitch":0.5091727375984192
                }
            },
            {
                "tick":5,
                "easing": "LINEAR",
                "turn": 0,
                "leftArm":{
                    "roll":-0.027048135176301003
                }
            },
            {
                "tick":10,
                "easing": "EASEINOUTQUAD",
                "turn": 0,
                "leftArm":{
                    "roll":-0.12235482037067413
                }
            },
            {
                "tick":5,
                "easing": "LINEAR",
                "turn": 0,
                "leftArm":{
                    "yaw":0.6810914874076843
                }
            },
            {
                "tick":10,
                "easing": "EASEINOUTQUAD",
                "turn": 0,
                "leftArm":{
                    "yaw":-0.0610610768198967
                }
            },
            {
                "tick":5,
                "easing": "LINEAR",
                "turn": 0,
                "leftArm":{
                    "pitch":-1.522407054901123
                }
            },
            {
                "tick":10,
                "easing": "EASEINOUTQUAD",
                "turn": 0,
                "leftArm":{
                    "pitch":-0.9906150102615356
                }
            },
            {
                "tick":5,
                "easing": "LINEAR",
                "turn": 0,
                "leftArm":{
                    "y":0.6945781707763672
                }
            },
            {
                "tick":10,
                "easing": "EASEINOUTQUAD",
                "turn": 0,
                "leftArm":{
                    "y":2.0
                }
            },
            {
                "tick":5,
                "easing": "LINEAR",
                "turn": 0,
                "leftArm":{
                    "z":-1.1720855236053467
                }
            },
            {
                "tick":10,
                "easing": "EASEINOUTQUAD",
                "turn": 0,
                "leftArm":{
                    "z":-0.0
                }
            },
            {
                "tick":5,
                "easing": "LINEAR",
                "turn": 0,
                "leftArm":{
                    "x":5.650879859924316
                }
            },
            {
                "tick":10,
                "easing": "EASEINOUTQUAD",
                "turn": 0,
                "leftArm":{
                    "x":5.0
                }
            },
            {
                "tick":1,
                "easing": "LINEAR",
                "turn": 0,
                "rightLeg":{
                    "yaw":1.2136514015992361e-08
                }
            },
            {
                "tick":3,
                "easing": "LINEAR",
                "turn": 0,
                "rightLeg":{
                    "yaw":-0.14076267182826996
                }
            },
            {
                "tick":5,
                "easing": "EASEINOUTQUAD",
                "turn": 0,
                "rightLeg":{
                    "yaw":-0.2815254032611847
                }
            },
            {
                "tick":8,
                "easing": "EASEINOUTQUAD",
                "turn": 0,
                "rightLeg":{
                    "yaw":-0.11975672096014023
                }
            },
            {
                "tick":10,
                "easing": "EASEINOUTQUAD",
                "turn": 0,
                "rightLeg":{
                    "yaw":-0.03188234195113182
                }
            },
            {
                "tick":1,
                "easing": "LINEAR",
                "turn": 0,
                "rightLeg":{
                    "roll":5.480238485233713e-11
                }
            },
            {
                "tick":3,
                "easing": "LINEAR",
                "turn": 0,
                "rightLeg":{
                    "roll":-0.038992807269096375
                }
            },
            {
                "tick":5,
                "easing": "EASEINOUTQUAD",
                "turn": 0,
                "rightLeg":{
                    "roll":-0.07798560708761215
                }
            },
            {
                "tick":8,
                "easing": "EASEINOUTQUAD",
                "turn": 0,
                "rightLeg":{
                    "roll":0.0018162369960919023
                }
            },
            {
                "tick":10,
                "easing": "EASEINOUTQUAD",
                "turn": 0,
                "rightLeg":{
                    "roll":0.045165400952100754
                }
            },
            {
                "tick":1,
                "easing": "LINEAR",
                "turn": 0,
                "rightLeg":{
                    "pitch":0.4280436635017395
                }
            },
            {
                "tick":3,
                "easing": "LINEAR",
                "turn": 0,
                "rightLeg":{
                    "pitch":-0.06896254420280457
                }
            },
            {
                "tick":5,
                "easing": "EASEINOUTQUAD",
                "turn": 0,
                "rightLeg":{
                    "pitch":-0.44520217180252075
                }
            },
            {
                "tick":8,
                "easing": "EASEINOUTQUAD",
                "turn": 0,
                "rightLeg":{
                    "pitch":-0.0772484540939331
                }
            },
            {
                "tick":10,
                "easing": "EASEINOUTQUAD",
                "turn": 0,
                "rightLeg":{
                    "pitch":-0.18267138302326202
                }
            },
            {
                "tick":1,
                "easing": "LINEAR",
                "turn": 0,
                "rightLeg":{
                    "x":-1.9
                }
            },
            {
                "tick":3,
                "easing": "LINEAR",
                "turn": 0,
                "rightLeg":{
                    "x":-1.7028695583343505
                }
            },
            {
                "tick":5,
                "easing": "EASEINOUTQUAD",
                "turn": 0,
                "rightLeg":{
                    "x":-0.5174378991127014
                }
            },
            {
                "tick":8,
                "easing": "EASEINOUTQUAD",
                "turn": 0,
                "rightLeg":{
                    "x":-1.7999284505844115
                }
            },
            {
                "tick":10,
                "easing": "EASEINOUTQUAD",
                "turn": 0,
                "rightLeg":{
                    "x":-2.1053022384643554
                }
            },
            {
                "tick":1,
                "easing": "LINEAR",
                "turn": 0,
                "rightLeg":{
                    "y":12.0
                }
            },
            {
                "tick":3,
                "easing": "LINEAR",
                "turn": 0,
                "rightLeg":{
                    "y":8.143531560897827
                }
            },
            {
                "tick":5,
                "easing": "EASEINOUTQUAD",
                "turn": 0,
                "rightLeg":{
                    "y":6.755466938018799
                }
            },
            {
                "tick":8,
                "easing": "EASEINOUTQUAD",
                "turn": 0,
                "rightLeg":{
                    "y":11.172766208648682
                }
            },
            {
                "tick":10,
                "easing": "EASEINOUTQUAD",
                "turn": 0,
                "rightLeg":{
                    "y":9.366747856140137
                }
            },
            {
                "tick":1,
                "easing": "LINEAR",
                "turn": 0,
                "rightLeg":{
                    "z":0.1
                }
            },
            {
                "tick":3,
                "easing": "LINEAR",
                "turn": 0,
                "rightLeg":{
                    "z":-4.442955875396729
                }
            },
            {
                "tick":5,
                "easing": "EASEINOUTQUAD",
                "turn": 0,
                "rightLeg":{
                    "z":-5.479410552978516
                }
            },
            {
                "tick":8,
                "easing": "EASEINOUTQUAD",
                "turn": 0,
                "rightLeg":{
                    "z":-3.4265066623687743
                }
            },
            {
                "tick":10,
                "easing": "EASEINOUTQUAD",
                "turn": 0,
                "rightLeg":{
                    "z":-3.6952804565429687
                }
            },
            {
                "tick":1,
                "easing": "LINEAR",
                "turn": 0,
                "leftLeg":{
                    "yaw":-0.17704473435878754
                }
            },
            {
                "tick":5,
                "easing": "LINEAR",
                "turn": 0,
                "leftLeg":{
                    "yaw":-0.34354957938194275
                }
            },
            {
                "tick":8,
                "easing": "LINEAR",
                "turn": 0,
                "leftLeg":{
                    "yaw":-0.12756262719631195
                }
            },
            {
                "tick":10,
                "easing": "LINEAR",
                "turn": 0,
                "leftLeg":{
                    "yaw":0.01642868109047413
                }
            },
            {
                "tick":1,
                "easing": "LINEAR",
                "turn": 0,
                "leftLeg":{
                    "roll":-0.0775352194905281
                }
            },
            {
                "tick":5,
                "easing": "LINEAR",
                "turn": 0,
                "leftLeg":{
                    "roll":-0.022293971851468086
                }
            },
            {
                "tick":8,
                "easing": "LINEAR",
                "turn": 0,
                "leftLeg":{
                    "roll":-0.0038500232622027397
                }
            },
            {
                "tick":10,
                "easing": "LINEAR",
                "turn": 0,
                "leftLeg":{
                    "roll":0.008445930667221546
                }
            },
            {
                "tick":1,
                "easing": "LINEAR",
                "turn": 0,
                "leftLeg":{
                    "pitch":-0.20703214406967163
                }
            },
            {
                "tick":5,
                "easing": "LINEAR",
                "turn": 0,
                "leftLeg":{
                    "pitch":0.6519133448600769
                }
            },
            {
                "tick":8,
                "easing": "LINEAR",
                "turn": 0,
                "leftLeg":{
                    "pitch":0.6663556694984436
                }
            },
            {
                "tick":10,
                "easing": "LINEAR",
                "turn": 0,
                "leftLeg":{
                    "pitch":0.6334307789802551
                }
            },
            {
                "tick":1,
                "easing": "LINEAR",
                "turn": 0,
                "leftLeg":{
                    "y":9.289566040039062
                }
            },
            {
                "tick":5,
                "easing": "LINEAR",
                "turn": 0,
                "leftLeg":{
                    "y":13.174121141433716
                }
            },
            {
                "tick":8,
                "easing": "LINEAR",
                "turn": 0,
                "leftLeg":{
                    "y":12.513151586055756
                }
            },
            {
                "tick":10,
                "easing": "LINEAR",
                "turn": 0,
                "leftLeg":{
                    "y":12.338223457336426
                }
            },
            {
                "tick":1,
                "easing": "LINEAR",
                "turn": 0,
                "leftLeg":{
                    "z":-3.81032977104187
                }
            },
            {
                "tick":5,
                "easing": "LINEAR",
                "turn": 0,
                "leftLeg":{
                    "z":1.2741337060928344
                }
            },
            {
                "tick":8,
                "easing": "LINEAR",
                "turn": 0,
                "leftLeg":{
                    "z":0.46167566776275637
                }
            },
            {
                "tick":10,
                "easing": "LINEAR",
                "turn": 0,
                "leftLeg":{
                    "z":-1.2083321571350099
                }
            },
            {
                "tick":1,
                "easing": "LINEAR",
                "turn": 0,
                "leftLeg":{
                    "x":1.956023597717285
                }
            },
            {
                "tick":5,
                "easing": "LINEAR",
                "turn": 0,
                "leftLeg":{
                    "x":1.6871954441070556
                }
            },
            {
                "tick":8,
                "easing": "LINEAR",
                "turn": 0,
                "leftLeg":{
                    "x":1.6357946634292602
                }
            },
            {
                "tick":10,
                "easing": "LINEAR",
                "turn": 0,
                "leftLeg":{
                    "x":1.7707146644592284
                }
            }
        ]
    }
}