{
    "name": "er_sword_vert_lr",
    "author": "Malfu",
    "description": "er sword lr vert",
    "emote":{
        "isLoop": "false",
        "returnTick": 0,
        "beginTick":10,
        "endTick":20,
        "stopTick":30,
        "degrees":false,
        "moves":[
            
            {
                "tick":10,
                "easing": "EASEINOUTQUAD",
                "turn": 0,
                "head":{
                    "y":-0.0
                }
            },
            {
                "tick":13,
                "easing": "EASEINOUTQUAD",
                "turn": 0,
                "head":{
                    "y":-0.0
                }
            },
            {
                "tick":10,
                "easing": "EASEINOUTQUAD",
                "turn": 0,
                "head":{
                    "z":-0.0
                }
            },
            {
                "tick":13,
                "easing": "EASEINOUTQUAD",
                "turn": 0,
                "head":{
                    "z":-0.0
                }
            },
            {
                "tick":10,
                "easing": "EASEINOUTQUAD",
                "turn": 0,
                "head":{
                    "x":-0.0
                }
            },
            {
                "tick":13,
                "easing": "EASEINOUTQUAD",
                "turn": 0,
                "head":{
                    "x":-0.0
                }
            },
            {
                "tick":10,
                "easing": "EASEINOUTQUAD",
                "turn": 0,
                "head":{
                    "yaw":0.43076857924461365
                }
            },
            {
                "tick":13,
                "easing": "EASEINOUTQUAD",
                "turn": 0,
                "head":{
                    "yaw":-0.42603763937950134
                }
            },
            {
                "tick":10,
                "easing": "EASEINOUTQUAD",
                "turn": 0,
                "head":{
                    "roll":0.0
                }
            },
            {
                "tick":13,
                "easing": "EASEINOUTQUAD",
                "turn": 0,
                "head":{
                    "roll":0.08387411385774612
                }
            },
            {
                "tick":10,
                "easing": "EASEINOUTQUAD",
                "turn": 0,
                "head":{
                    "pitch":-3.279863847183151e-08
                }
            },
            {
                "tick":13,
                "easing": "EASEINOUTQUAD",
                "turn": 0,
                "head":{
                    "pitch":-0.03472985699772835
                }
            },
            {
                "tick":10,
                "easing": "EASEINOUTQUAD",
                "turn": 0,
                "torso":{
                    "yaw":1.3108704090118408
                }
            },
            {
                "tick":13,
                "easing": "EASEINOUTQUAD",
                "turn": 0,
                "torso":{
                    "yaw":-0.4956734776496887
                }
            },
            {
                "tick":20,
                "easing": "EASEINOUTQUAD",
                "turn": 0,
                "torso":{
                    "yaw":-0.6789330244064331
                }
            },
            {
                "tick":10,
                "easing": "EASEINOUTQUAD",
                "turn": 0,
                "torso":{
                    "roll":-0.05112592130899429
                }
            },
            {
                "tick":13,
                "easing": "EASEINOUTQUAD",
                "turn": 0,
                "torso":{
                    "roll":0.0
                }
            },
            {
                "tick":10,
                "easing": "EASEINOUTQUAD",
                "turn": 0,
                "torso":{
                    "pitch":-0.6190144419670105
                }
            },
            {
                "tick":13,
                "easing": "EASEINOUTQUAD",
                "turn": 0,
                "torso":{
                    "pitch":-0.25307267904281616
                }
            },
            {
                "tick":10,
                "easing": "EASEINOUTQUAD",
                "turn": 0,
                "torso":{
                    "y":-0.03994127735495567
                }
            },
            {
                "tick":13,
                "easing": "EASEINOUTQUAD",
                "turn": 0,
                "torso":{
                    "y":0.0
                }
            },
            {
                "tick":10,
                "easing": "EASEINOUTQUAD",
                "turn": 0,
                "torso":{
                    "x":0.0
                }
            },
            {
                "tick":13,
                "easing": "EASEINOUTQUAD",
                "turn": 0,
                "torso":{
                    "x":0.0
                }
            },
            {
                "tick":10,
                "easing": "EASEINOUTQUAD",
                "turn": 0,
                "torso":{
                    "z":-0.08089300990104675
                }
            },
            {
                "tick":13,
                "easing": "EASEINOUTQUAD",
                "turn": 0,
                "torso":{
                    "z":-0.23000000417232513
                }
            },
            {
                "tick":10,
                "easing": "EASEINOUTQUAD",
                "turn": 0,
                "rightArm":{
                    "yaw":0.30599913001060486
                }
            },
            {
                "tick":12,
                "easing": "EASEINOUTQUAD",
                "turn": 0,
                "rightArm":{
                    "yaw":0.30394455790519714
                }
            },
            {
                "tick":13,
                "easing": "EASEINOUTQUAD",
                "turn": 0,
                "rightArm":{
                    "yaw":0.30322548747062683
                }
            },
            {
                "tick":20,
                "easing": "EASEINOUTQUAD",
                "turn": 0,
                "rightArm":{
                    "yaw":0.30322548747062683
                }
            },
            {
                "tick":10,
                "easing": "EASEINOUTQUAD",
                "turn": 0,
                "rightArm":{
                    "roll":1.8010975122451782
                }
            },
            {
                "tick":12,
                "easing": "EASEINOUTQUAD",
                "turn": 0,
                "rightArm":{
                    "roll":1.6415531635284424
                }
            },
            {
                "tick":13,
                "easing": "EASEINOUTQUAD",
                "turn": 0,
                "rightArm":{
                    "roll":1.5857125520706177
                }
            },
            {
                "tick":20,
                "easing": "EASEINOUTQUAD",
                "turn": 0,
                "rightArm":{
                    "roll":1.5857125520706177
                }
            },
            {
                "tick":10,
                "easing": "EASEINOUTQUAD",
                "turn": 0,
                "rightArm":{
                    "y":2.354827880859375
                }
            },
            {
                "tick":12,
                "easing": "EASEINOUTQUAD",
                "turn": 0,
                "rightArm":{
                    "y":1.6673593521118164
                }
            },
            {
                "tick":13,
                "easing": "EASEINOUTQUAD",
                "turn": 0,
                "rightArm":{
                    "y":2.466745376586914
                }
            },
            {
                "tick":20,
                "easing": "EASEINOUTQUAD",
                "turn": 0,
                "rightArm":{
                    "y":3.3089303970336914
                }
            },
            {
                "tick":10,
                "easing": "EASEINOUTQUAD",
                "turn": 0,
                "rightArm":{
                    "z":-4.672475814819336
                }
            },
            {
                "tick":12,
                "easing": "EASEINOUTQUAD",
                "turn": 0,
                "rightArm":{
                    "z":-4.76488733291626
                }
            },
            {
                "tick":13,
                "easing": "EASEINOUTQUAD",
                "turn": 0,
                "rightArm":{
                    "z":-1.9783830642700195
                }
            },
            {
                "tick":20,
                "easing": "EASEINOUTQUAD",
                "turn": 0,
                "rightArm":{
                    "z":0.3229961395263672
                }
            },
            {
                "tick":10,
                "easing": "EASEINOUTQUAD",
                "turn": 0,
                "rightArm":{
                    "x":-4.889005661010742
                }
            },
            {
                "tick":12,
                "easing": "EASEINOUTQUAD",
                "turn": 0,
                "rightArm":{
                    "x":-5.918524265289307
                }
            },
            {
                "tick":13,
                "easing": "EASEINOUTQUAD",
                "turn": 0,
                "rightArm":{
                    "x":-6.277771472930908
                }
            },
            {
                "tick":20,
                "easing": "EASEINOUTQUAD",
                "turn": 0,
                "rightArm":{
                    "x":-6.345620632171631
                }
            },
            {
                "tick":10,
                "easing": "EASEINOUTQUAD",
                "turn": 0,
                "rightArm":{
                    "pitch":-2.44694447517395
                }
            },
            {
                "tick":12,
                "easing": "EASEINOUTQUAD",
                "turn": 0,
                "rightArm":{
                    "pitch":-1.297930359840393
                }
            },
            {
                "tick":13,
                "easing": "EASEINOUTQUAD",
                "turn": 0,
                "rightArm":{
                    "pitch":-0.6767910122871399
                }
            },
            {
                "tick":20,
                "easing": "EASEINOUTQUAD",
                "turn": 0,
                "rightArm":{
                    "pitch":0.17481549084186554
                }
            },
            {
                "tick":10,
                "easing": "EASEINOUTQUAD",
                "turn": 0,
                "leftArm":{
                    "roll":-1.3831549882888794
                }
            },
            {
                "tick":12,
                "easing": "EASEINOUTQUAD",
                "turn": 0,
                "leftArm":{
                    "roll":-1.3288475275039673
                }
            },
            {
                "tick":20,
                "easing": "EASEINOUTQUAD",
                "turn": 0,
                "leftArm":{
                    "roll":-1.131731629371643
                }
            },
            {
                "tick":10,
                "easing": "EASEINOUTQUAD",
                "turn": 0,
                "leftArm":{
                    "yaw":-0.2981521785259247
                }
            },
            {
                "tick":12,
                "easing": "EASEINOUTQUAD",
                "turn": 0,
                "leftArm":{
                    "yaw":-0.16946499049663544
                }
            },
            {
                "tick":20,
                "easing": "EASEINOUTQUAD",
                "turn": 0,
                "leftArm":{
                    "yaw":0.29762181639671326
                }
            },
            {
                "tick":10,
                "easing": "EASEINOUTQUAD",
                "turn": 0,
                "leftArm":{
                    "pitch":0.37467336654663086
                }
            },
            {
                "tick":12,
                "easing": "EASEINOUTQUAD",
                "turn": 0,
                "leftArm":{
                    "pitch":0.7196103930473328
                }
            },
            {
                "tick":20,
                "easing": "EASEINOUTQUAD",
                "turn": 0,
                "leftArm":{
                    "pitch":-0.43877553939819336
                }
            },
            {
                "tick":10,
                "easing": "EASEINOUTQUAD",
                "turn": 0,
                "leftArm":{
                    "y":2.0
                }
            },
            {
                "tick":12,
                "easing": "EASEINOUTQUAD",
                "turn": 0,
                "leftArm":{
                    "y":3.7031173706054688
                }
            },
            {
                "tick":20,
                "easing": "EASEINOUTQUAD",
                "turn": 0,
                "leftArm":{
                    "y":3.9479494094848633
                }
            },
            {
                "tick":10,
                "easing": "EASEINOUTQUAD",
                "turn": 0,
                "leftArm":{
                    "z":-0.0
                }
            },
            {
                "tick":12,
                "easing": "EASEINOUTQUAD",
                "turn": 0,
                "leftArm":{
                    "z":1.7584338188171387
                }
            },
            {
                "tick":20,
                "easing": "EASEINOUTQUAD",
                "turn": 0,
                "leftArm":{
                    "z":-0.7894812226295471
                }
            },
            {
                "tick":10,
                "easing": "EASEINOUTQUAD",
                "turn": 0,
                "leftArm":{
                    "x":5.0
                }
            },
            {
                "tick":12,
                "easing": "EASEINOUTQUAD",
                "turn": 0,
                "leftArm":{
                    "x":5.749122619628906
                }
            },
            {
                "tick":20,
                "easing": "EASEINOUTQUAD",
                "turn": 0,
                "leftArm":{
                    "x":5.977311611175537
                }
            },
            {
                "tick":6,
                "easing": "EASEINOUTQUAD",
                "turn": 0,
                "rightLeg":{
                    "yaw":0.8114080429077148
                }
            },
            {
                "tick":10,
                "easing": "EASEINOUTQUAD",
                "turn": 0,
                "rightLeg":{
                    "yaw":1.076600432395935
                }
            },
            {
                "tick":11,
                "easing": "EASEINOUTQUAD",
                "turn": 0,
                "rightLeg":{
                    "yaw":0.781624436378479
                }
            },
            {
                "tick":13,
                "easing": "EASEINOUTQUAD",
                "turn": 0,
                "rightLeg":{
                    "yaw":-0.45438042283058167
                }
            },
            {
                "tick":6,
                "easing": "EASEINOUTQUAD",
                "turn": 0,
                "rightLeg":{
                    "roll":-0.4247426390647888
                }
            },
            {
                "tick":10,
                "easing": "EASEINOUTQUAD",
                "turn": 0,
                "rightLeg":{
                    "roll":-0.9744861125946045
                }
            },
            {
                "tick":11,
                "easing": "EASEINOUTQUAD",
                "turn": 0,
                "rightLeg":{
                    "roll":-0.46774253249168396
                }
            },
            {
                "tick":13,
                "easing": "EASEINOUTQUAD",
                "turn": 0,
                "rightLeg":{
                    "roll":0.12270462512969971
                }
            },
            {
                "tick":6,
                "easing": "EASEINOUTQUAD",
                "turn": 0,
                "rightLeg":{
                    "pitch":-0.5738992691040039
                }
            },
            {
                "tick":10,
                "easing": "EASEINOUTQUAD",
                "turn": 0,
                "rightLeg":{
                    "pitch":-1.104923129081726
                }
            },
            {
                "tick":11,
                "easing": "EASEINOUTQUAD",
                "turn": 0,
                "rightLeg":{
                    "pitch":-0.6850129961967468
                }
            },
            {
                "tick":13,
                "easing": "EASEINOUTQUAD",
                "turn": 0,
                "rightLeg":{
                    "pitch":0.17272959649562836
                }
            },
            {
                "tick":6,
                "easing": "EASEINOUTQUAD",
                "turn": 0,
                "rightLeg":{
                    "x":-3.952791118621826
                }
            },
            {
                "tick":10,
                "easing": "EASEINOUTQUAD",
                "turn": 0,
                "rightLeg":{
                    "x":-5.067888164520264
                }
            },
            {
                "tick":11,
                "easing": "EASEINOUTQUAD",
                "turn": 0,
                "rightLeg":{
                    "x":-3.7010289669036864
                }
            },
            {
                "tick":13,
                "easing": "EASEINOUTQUAD",
                "turn": 0,
                "rightLeg":{
                    "x":-3.022225761413574
                }
            },
            {
                "tick":6,
                "easing": "EASEINOUTQUAD",
                "turn": 0,
                "rightLeg":{
                    "y":11.447718977928162
                }
            },
            {
                "tick":10,
                "easing": "EASEINOUTQUAD",
                "turn": 0,
                "rightLeg":{
                    "y":11.14771443605423
                }
            },
            {
                "tick":11,
                "easing": "EASEINOUTQUAD",
                "turn": 0,
                "rightLeg":{
                    "y":11.845035642385483
                }
            },
            {
                "tick":13,
                "easing": "EASEINOUTQUAD",
                "turn": 0,
                "rightLeg":{
                    "y":12.447093486785889
                }
            },
            {
                "tick":6,
                "easing": "EASEINOUTQUAD",
                "turn": 0,
                "rightLeg":{
                    "z":0.14700671136379242
                }
            },
            {
                "tick":10,
                "easing": "EASEINOUTQUAD",
                "turn": 0,
                "rightLeg":{
                    "z":0.317623695731163
                }
            },
            {
                "tick":11,
                "easing": "EASEINOUTQUAD",
                "turn": 0,
                "rightLeg":{
                    "z":0.9203082084655761
                }
            },
            {
                "tick":13,
                "easing": "EASEINOUTQUAD",
                "turn": 0,
                "rightLeg":{
                    "z":0.2372247040271759
                }
            },
            {
                "tick":10,
                "easing": "EASEINOUTQUAD",
                "turn": 0,
                "leftLeg":{
                    "yaw":0.6564564108848572
                }
            },
            {
                "tick":11,
                "easing": "EASEINOUTQUAD",
                "turn": 0,
                "leftLeg":{
                    "yaw":0.4338777959346771
                }
            },
            {
                "tick":13,
                "easing": "EASEINOUTQUAD",
                "turn": 0,
                "leftLeg":{
                    "yaw":-0.20777781307697296
                }
            },
            {
                "tick":14,
                "easing": "EASEINOUTQUAD",
                "turn": 0,
                "leftLeg":{
                    "yaw":-0.3286426365375519
                }
            },
            {
                "tick":10,
                "easing": "EASEINOUTQUAD",
                "turn": 0,
                "leftLeg":{
                    "roll":-0.9090580940246582
                }
            },
            {
                "tick":11,
                "easing": "EASEINOUTQUAD",
                "turn": 0,
                "leftLeg":{
                    "roll":-0.5192683339118958
                }
            },
            {
                "tick":13,
                "easing": "EASEINOUTQUAD",
                "turn": 0,
                "leftLeg":{
                    "roll":0.01606869138777256
                }
            },
            {
                "tick":14,
                "easing": "EASEINOUTQUAD",
                "turn": 0,
                "leftLeg":{
                    "roll":0.050515856593847275
                }
            },
            {
                "tick":10,
                "easing": "EASEINOUTQUAD",
                "turn": 0,
                "leftLeg":{
                    "pitch":-0.6204835772514343
                }
            },
            {
                "tick":11,
                "easing": "EASEINOUTQUAD",
                "turn": 0,
                "leftLeg":{
                    "pitch":-0.31957635283470154
                }
            },
            {
                "tick":13,
                "easing": "EASEINOUTQUAD",
                "turn": 0,
                "leftLeg":{
                    "pitch":-0.2306608110666275
                }
            },
            {
                "tick":14,
                "easing": "EASEINOUTQUAD",
                "turn": 0,
                "leftLeg":{
                    "pitch":-0.25257810950279236
                }
            },
            {
                "tick":10,
                "easing": "EASEINOUTQUAD",
                "turn": 0,
                "leftLeg":{
                    "y":10.484941482543945
                }
            },
            {
                "tick":11,
                "easing": "EASEINOUTQUAD",
                "turn": 0,
                "leftLeg":{
                    "y":7.182539463043213
                }
            },
            {
                "tick":13,
                "easing": "EASEINOUTQUAD",
                "turn": 0,
                "leftLeg":{
                    "y":10.390086770057678
                }
            },
            {
                "tick":14,
                "easing": "EASEINOUTQUAD",
                "turn": 0,
                "leftLeg":{
                    "y":11.288567841053009
                }
            },
            {
                "tick":10,
                "easing": "EASEINOUTQUAD",
                "turn": 0,
                "leftLeg":{
                    "z":-2.04951868057251
                }
            },
            {
                "tick":11,
                "easing": "EASEINOUTQUAD",
                "turn": 0,
                "leftLeg":{
                    "z":-2.9202075958251954
                }
            },
            {
                "tick":13,
                "easing": "EASEINOUTQUAD",
                "turn": 0,
                "leftLeg":{
                    "z":-2.060768222808838
                }
            },
            {
                "tick":14,
                "easing": "EASEINOUTQUAD",
                "turn": 0,
                "leftLeg":{
                    "z":-2.6267269611358643
                }
            },
            {
                "tick":10,
                "easing": "EASEINOUTQUAD",
                "turn": 0,
                "leftLeg":{
                    "x":2.8555206298828124
                }
            },
            {
                "tick":11,
                "easing": "EASEINOUTQUAD",
                "turn": 0,
                "leftLeg":{
                    "x":0.22414841651916503
                }
            },
            {
                "tick":13,
                "easing": "EASEINOUTQUAD",
                "turn": 0,
                "leftLeg":{
                    "x":3.685685062408447
                }
            },
            {
                "tick":14,
                "easing": "EASEINOUTQUAD",
                "turn": 0,
                "leftLeg":{
                    "x":3.2414385318756103
                }
            },
            {
                "tick":10,
                "easing": "EASEINOUTQUAD",
                "turn": 0,
                "rightItem":{
                    "x":0.0
                }
            },
            {
                "tick":12,
                "easing": "EASEINOUTQUAD",
                "turn": 0,
                "rightItem":{
                    "x":-7.450580596923828e-09
                }
            },
            {
                "tick":10,
                "easing": "EASEINOUTQUAD",
                "turn": 0,
                "rightItem":{
                    "z":0.0
                }
            },
            {
                "tick":12,
                "easing": "EASEINOUTQUAD",
                "turn": 0,
                "rightItem":{
                    "z":-0.7514439821243286
                }
            },
            {
                "tick":10,
                "easing": "EASEINOUTQUAD",
                "turn": 0,
                "rightItem":{
                    "y":0.0
                }
            },
            {
                "tick":12,
                "easing": "EASEINOUTQUAD",
                "turn": 0,
                "rightItem":{
                    "y":-1.5996909141540527
                }
            },
            {
                "tick":10,
                "easing": "EASEINOUTQUAD",
                "turn": 0,
                "rightItem":{
                    "pitch":0.0
                }
            },
            {
                "tick":12,
                "easing": "EASEINOUTQUAD",
                "turn": 0,
                "rightItem":{
                    "pitch":-0.6875333786010742
                }
            },
            {
                "tick":10,
                "easing": "EASEINOUTQUAD",
                "turn": 0,
                "rightItem":{
                    "yaw":0.0
                }
            },
            {
                "tick":12,
                "easing": "EASEINOUTQUAD",
                "turn": 0,
                "rightItem":{
                    "yaw":1.4901161193847656e-08
                }
            },
            {
                "tick":10,
                "easing": "EASEINOUTQUAD",
                "turn": 0,
                "rightItem":{
                    "roll":0.0
                }
            },
            {
                "tick":12,
                "easing": "EASEINOUTQUAD",
                "turn": 0,
                "rightItem":{
                    "roll":0.0
                }
            }
        ]
    }
}