{
    "name": "katana_downup_slash_lr",
    "author": "Malfu",
    "description": "katana downup slash lr",
    "emote":{
        "isLoop": "false",
        "returnTick": 0,
        "beginTick":10,
        "endTick":20,
        "stopTick":30,
        "degrees":false,
        "moves":[
            
            {
                "tick":10,
                "easing": "EASEINOUTQUAD",
                "turn": 0,
                "head":{
                    "y":-0.0
                }
            },
            {
                "tick":12,
                "easing": "EASEINOUTQUAD",
                "turn": 0,
                "head":{
                    "y":-0.0
                }
            },
            {
                "tick":10,
                "easing": "EASEINOUTQUAD",
                "turn": 0,
                "head":{
                    "z":-0.0
                }
            },
            {
                "tick":12,
                "easing": "EASEINOUTQUAD",
                "turn": 0,
                "head":{
                    "z":-0.0
                }
            },
            {
                "tick":10,
                "easing": "EASEINOUTQUAD",
                "turn": 0,
                "head":{
                    "x":-0.0
                }
            },
            {
                "tick":12,
                "easing": "EASEINOUTQUAD",
                "turn": 0,
                "head":{
                    "x":-0.0
                }
            },
            {
                "tick":10,
                "easing": "EASEINOUTQUAD",
                "turn": 0,
                "head":{
                    "yaw":0.09455740451812744
                }
            },
            {
                "tick":12,
                "easing": "EASEINOUTQUAD",
                "turn": 0,
                "head":{
                    "yaw":-0.3743186593055725
                }
            },
            {
                "tick":10,
                "easing": "EASEINOUTQUAD",
                "turn": 0,
                "head":{
                    "roll":0.09655118733644485
                }
            },
            {
                "tick":12,
                "easing": "EASEINOUTQUAD",
                "turn": 0,
                "head":{
                    "roll":0.01863975077867508
                }
            },
            {
                "tick":10,
                "easing": "EASEINOUTQUAD",
                "turn": 0,
                "head":{
                    "pitch":0.1728513538837433
                }
            },
            {
                "tick":12,
                "easing": "EASEINOUTQUAD",
                "turn": 0,
                "head":{
                    "pitch":-0.08337561041116714
                }
            },
            {
                "tick":6,
                "easing": "EASEINOUTQUAD",
                "turn": 0,
                "torso":{
                    "yaw":0.8495957255363464
                }
            },
            {
                "tick":10,
                "easing": "EASEINOUTQUAD",
                "turn": 0,
                "torso":{
                    "yaw":0.8495957255363464
                }
            },
            {
                "tick":11,
                "easing": "EASEINOUTQUAD",
                "turn": 0,
                "torso":{
                    "yaw":0.4015313982963562
                }
            },
            {
                "tick":12,
                "easing": "EASEINOUTQUAD",
                "turn": 0,
                "torso":{
                    "yaw":-0.3783018887042999
                }
            },
            {
                "tick":20,
                "easing": "EASEINOUTQUAD",
                "turn": 0,
                "torso":{
                    "yaw":-0.4041525423526764
                }
            },
            {
                "tick":6,
                "easing": "EASEINOUTQUAD",
                "turn": 0,
                "torso":{
                    "roll":-0.4517284333705902
                }
            },
            {
                "tick":10,
                "easing": "EASEINOUTQUAD",
                "turn": 0,
                "torso":{
                    "roll":-0.4517284333705902
                }
            },
            {
                "tick":11,
                "easing": "EASEINOUTQUAD",
                "turn": 0,
                "torso":{
                    "roll":-0.22062331438064575
                }
            },
            {
                "tick":12,
                "easing": "EASEINOUTQUAD",
                "turn": 0,
                "torso":{
                    "roll":0.010493813082575798
                }
            },
            {
                "tick":20,
                "easing": "EASEINOUTQUAD",
                "turn": 0,
                "torso":{
                    "roll":0.010557858273386955
                }
            },
            {
                "tick":6,
                "easing": "EASEINOUTQUAD",
                "turn": 0,
                "torso":{
                    "pitch":-0.768021285533905
                }
            },
            {
                "tick":10,
                "easing": "EASEINOUTQUAD",
                "turn": 0,
                "torso":{
                    "pitch":-0.768021285533905
                }
            },
            {
                "tick":11,
                "easing": "EASEINOUTQUAD",
                "turn": 0,
                "torso":{
                    "pitch":-0.4722106456756592
                }
            },
            {
                "tick":12,
                "easing": "EASEINOUTQUAD",
                "turn": 0,
                "torso":{
                    "pitch":-0.17639999091625214
                }
            },
            {
                "tick":20,
                "easing": "EASEINOUTQUAD",
                "turn": 0,
                "torso":{
                    "pitch":-0.17709746956825256
                }
            },
            {
                "tick":6,
                "easing": "EASEINOUTQUAD",
                "turn": 0,
                "torso":{
                    "y":-0.08278743922710419
                }
            },
            {
                "tick":10,
                "easing": "EASEINOUTQUAD",
                "turn": 0,
                "torso":{
                    "y":-0.11764530837535858
                }
            },
            {
                "tick":11,
                "easing": "EASEINOUTQUAD",
                "turn": 0,
                "torso":{
                    "y":-0.07087476551532745
                }
            },
            {
                "tick":12,
                "easing": "EASEINOUTQUAD",
                "turn": 0,
                "torso":{
                    "y":-0.07564641535282135
                }
            },
            {
                "tick":20,
                "easing": "EASEINOUTQUAD",
                "turn": 0,
                "torso":{
                    "y":-0.07564641535282135
                }
            },
            {
                "tick":6,
                "easing": "EASEINOUTQUAD",
                "turn": 0,
                "torso":{
                    "x":0.0
                }
            },
            {
                "tick":10,
                "easing": "EASEINOUTQUAD",
                "turn": 0,
                "torso":{
                    "x":0.0
                }
            },
            {
                "tick":11,
                "easing": "EASEINOUTQUAD",
                "turn": 0,
                "torso":{
                    "x":0.0
                }
            },
            {
                "tick":12,
                "easing": "EASEINOUTQUAD",
                "turn": 0,
                "torso":{
                    "x":0.0
                }
            },
            {
                "tick":20,
                "easing": "EASEINOUTQUAD",
                "turn": 0,
                "torso":{
                    "x":0.0
                }
            },
            {
                "tick":6,
                "easing": "EASEINOUTQUAD",
                "turn": 0,
                "torso":{
                    "z":-0.20914724469184875
                }
            },
            {
                "tick":10,
                "easing": "EASEINOUTQUAD",
                "turn": 0,
                "torso":{
                    "z":-0.20914724469184875
                }
            },
            {
                "tick":11,
                "easing": "EASEINOUTQUAD",
                "turn": 0,
                "torso":{
                    "z":-0.20914724469184875
                }
            },
            {
                "tick":12,
                "easing": "EASEINOUTQUAD",
                "turn": 0,
                "torso":{
                    "z":-0.20914724469184875
                }
            },
            {
                "tick":20,
                "easing": "EASEINOUTQUAD",
                "turn": 0,
                "torso":{
                    "z":-0.20914724469184875
                }
            },
            {
                "tick":6,
                "easing": "EASEINOUTQUAD",
                "turn": 0,
                "rightArm":{
                    "yaw":-1.1778815984725952
                }
            },
            {
                "tick":10,
                "easing": "EASEINOUTQUAD",
                "turn": 0,
                "rightArm":{
                    "yaw":-1.3482470512390137
                }
            },
            {
                "tick":11,
                "easing": "EASEINOUTQUAD",
                "turn": 0,
                "rightArm":{
                    "yaw":-0.6120784878730774
                }
            },
            {
                "tick":12,
                "easing": "EASEINOUTQUAD",
                "turn": 0,
                "rightArm":{
                    "yaw":0.12509022653102875
                }
            },
            {
                "tick":20,
                "easing": "EASEINOUTQUAD",
                "turn": 0,
                "rightArm":{
                    "yaw":0.22146546840667725
                }
            },
            {
                "tick":6,
                "easing": "EASEINOUTQUAD",
                "turn": 0,
                "rightArm":{
                    "roll":0.9373507499694824
                }
            },
            {
                "tick":10,
                "easing": "EASEINOUTQUAD",
                "turn": 0,
                "rightArm":{
                    "roll":1.3917163610458374
                }
            },
            {
                "tick":11,
                "easing": "EASEINOUTQUAD",
                "turn": 0,
                "rightArm":{
                    "roll":1.208554983139038
                }
            },
            {
                "tick":12,
                "easing": "EASEINOUTQUAD",
                "turn": 0,
                "rightArm":{
                    "roll":0.6115007400512695
                }
            },
            {
                "tick":20,
                "easing": "EASEINOUTQUAD",
                "turn": 0,
                "rightArm":{
                    "roll":0.6515494585037231
                }
            },
            {
                "tick":6,
                "easing": "EASEINOUTQUAD",
                "turn": 0,
                "rightArm":{
                    "y":2.696392059326172
                }
            },
            {
                "tick":10,
                "easing": "EASEINOUTQUAD",
                "turn": 0,
                "rightArm":{
                    "y":2.696392059326172
                }
            },
            {
                "tick":11,
                "easing": "EASEINOUTQUAD",
                "turn": 0,
                "rightArm":{
                    "y":2.1846847534179688
                }
            },
            {
                "tick":12,
                "easing": "EASEINOUTQUAD",
                "turn": 0,
                "rightArm":{
                    "y":1.6729774475097656
                }
            },
            {
                "tick":20,
                "easing": "EASEINOUTQUAD",
                "turn": 0,
                "rightArm":{
                    "y":1.6729774475097656
                }
            },
            {
                "tick":6,
                "easing": "EASEINOUTQUAD",
                "turn": 0,
                "rightArm":{
                    "z":-3.6364712715148926
                }
            },
            {
                "tick":10,
                "easing": "EASEINOUTQUAD",
                "turn": 0,
                "rightArm":{
                    "z":-3.6364712715148926
                }
            },
            {
                "tick":11,
                "easing": "EASEINOUTQUAD",
                "turn": 0,
                "rightArm":{
                    "z":-2.7355353832244873
                }
            },
            {
                "tick":12,
                "easing": "EASEINOUTQUAD",
                "turn": 0,
                "rightArm":{
                    "z":-1.8345998525619507
                }
            },
            {
                "tick":20,
                "easing": "EASEINOUTQUAD",
                "turn": 0,
                "rightArm":{
                    "z":-1.8345998525619507
                }
            },
            {
                "tick":6,
                "easing": "EASEINOUTQUAD",
                "turn": 0,
                "rightArm":{
                    "x":-4.727602005004883
                }
            },
            {
                "tick":10,
                "easing": "EASEINOUTQUAD",
                "turn": 0,
                "rightArm":{
                    "x":-4.727602005004883
                }
            },
            {
                "tick":11,
                "easing": "EASEINOUTQUAD",
                "turn": 0,
                "rightArm":{
                    "x":-4.8088507652282715
                }
            },
            {
                "tick":12,
                "easing": "EASEINOUTQUAD",
                "turn": 0,
                "rightArm":{
                    "x":-4.890099048614502
                }
            },
            {
                "tick":20,
                "easing": "EASEINOUTQUAD",
                "turn": 0,
                "rightArm":{
                    "x":-4.890099048614502
                }
            },
            {
                "tick":6,
                "easing": "EASEINOUTQUAD",
                "turn": 0,
                "rightArm":{
                    "pitch":-1.8498008251190186
                }
            },
            {
                "tick":10,
                "easing": "EASEINOUTQUAD",
                "turn": 0,
                "rightArm":{
                    "pitch":-2.155864715576172
                }
            },
            {
                "tick":11,
                "easing": "EASEINOUTQUAD",
                "turn": 0,
                "rightArm":{
                    "pitch":-1.771602988243103
                }
            },
            {
                "tick":12,
                "easing": "EASEINOUTQUAD",
                "turn": 0,
                "rightArm":{
                    "pitch":-2.1027932167053223
                }
            },
            {
                "tick":20,
                "easing": "EASEINOUTQUAD",
                "turn": 0,
                "rightArm":{
                    "pitch":-2.1605536937713623
                }
            },
            {
                "tick":6,
                "easing": "EASEINOUTQUAD",
                "turn": 0,
                "leftArm":{
                    "roll":0.2811082899570465
                }
            },
            {
                "tick":10,
                "easing": "EASEINOUTQUAD",
                "turn": 0,
                "leftArm":{
                    "roll":0.1726132482290268
                }
            },
            {
                "tick":11,
                "easing": "EASEINOUTQUAD",
                "turn": 0,
                "leftArm":{
                    "roll":0.29750528931617737
                }
            },
            {
                "tick":12,
                "easing": "EASEINOUTQUAD",
                "turn": 0,
                "leftArm":{
                    "roll":0.7851744294166565
                }
            },
            {
                "tick":20,
                "easing": "EASEINOUTQUAD",
                "turn": 0,
                "leftArm":{
                    "roll":0.8468542098999023
                }
            },
            {
                "tick":6,
                "easing": "EASEINOUTQUAD",
                "turn": 0,
                "leftArm":{
                    "yaw":0.2983946204185486
                }
            },
            {
                "tick":10,
                "easing": "EASEINOUTQUAD",
                "turn": 0,
                "leftArm":{
                    "yaw":0.2316330373287201
                }
            },
            {
                "tick":11,
                "easing": "EASEINOUTQUAD",
                "turn": 0,
                "leftArm":{
                    "yaw":0.6389623880386353
                }
            },
            {
                "tick":12,
                "easing": "EASEINOUTQUAD",
                "turn": 0,
                "leftArm":{
                    "yaw":1.1557859182357788
                }
            },
            {
                "tick":20,
                "easing": "EASEINOUTQUAD",
                "turn": 0,
                "leftArm":{
                    "yaw":1.1642779111862183
                }
            },
            {
                "tick":6,
                "easing": "EASEINOUTQUAD",
                "turn": 0,
                "leftArm":{
                    "pitch":-0.8679065108299255
                }
            },
            {
                "tick":10,
                "easing": "EASEINOUTQUAD",
                "turn": 0,
                "leftArm":{
                    "pitch":-0.7081572413444519
                }
            },
            {
                "tick":11,
                "easing": "EASEINOUTQUAD",
                "turn": 0,
                "leftArm":{
                    "pitch":-1.116450309753418
                }
            },
            {
                "tick":12,
                "easing": "EASEINOUTQUAD",
                "turn": 0,
                "leftArm":{
                    "pitch":-1.2726398706436157
                }
            },
            {
                "tick":20,
                "easing": "EASEINOUTQUAD",
                "turn": 0,
                "leftArm":{
                    "pitch":-1.2612473964691162
                }
            },
            {
                "tick":6,
                "easing": "EASEINOUTQUAD",
                "turn": 0,
                "leftArm":{
                    "y":2.0
                }
            },
            {
                "tick":10,
                "easing": "EASEINOUTQUAD",
                "turn": 0,
                "leftArm":{
                    "y":2.0
                }
            },
            {
                "tick":11,
                "easing": "EASEINOUTQUAD",
                "turn": 0,
                "leftArm":{
                    "y":2.0969581604003906
                }
            },
            {
                "tick":12,
                "easing": "EASEINOUTQUAD",
                "turn": 0,
                "leftArm":{
                    "y":1.295527458190918
                }
            },
            {
                "tick":20,
                "easing": "EASEINOUTQUAD",
                "turn": 0,
                "leftArm":{
                    "y":1.295527458190918
                }
            },
            {
                "tick":6,
                "easing": "EASEINOUTQUAD",
                "turn": 0,
                "leftArm":{
                    "z":-0.0
                }
            },
            {
                "tick":10,
                "easing": "EASEINOUTQUAD",
                "turn": 0,
                "leftArm":{
                    "z":-0.0
                }
            },
            {
                "tick":11,
                "easing": "EASEINOUTQUAD",
                "turn": 0,
                "leftArm":{
                    "z":-1.7461286783218384
                }
            },
            {
                "tick":12,
                "easing": "EASEINOUTQUAD",
                "turn": 0,
                "leftArm":{
                    "z":-4.114295482635498
                }
            },
            {
                "tick":20,
                "easing": "EASEINOUTQUAD",
                "turn": 0,
                "leftArm":{
                    "z":-4.157720565795898
                }
            },
            {
                "tick":6,
                "easing": "EASEINOUTQUAD",
                "turn": 0,
                "leftArm":{
                    "x":5.0
                }
            },
            {
                "tick":10,
                "easing": "EASEINOUTQUAD",
                "turn": 0,
                "leftArm":{
                    "x":5.0
                }
            },
            {
                "tick":11,
                "easing": "EASEINOUTQUAD",
                "turn": 0,
                "leftArm":{
                    "x":3.9025752544403076
                }
            },
            {
                "tick":12,
                "easing": "EASEINOUTQUAD",
                "turn": 0,
                "leftArm":{
                    "x":2.529115915298462
                }
            },
            {
                "tick":20,
                "easing": "EASEINOUTQUAD",
                "turn": 0,
                "leftArm":{
                    "x":1.8042099475860596
                }
            },
            {
                "tick":3,
                "easing": "EASEINOUTQUAD",
                "turn": 0,
                "rightLeg":{
                    "yaw":0.3646193742752075
                }
            },
            {
                "tick":6,
                "easing": "EASEINOUTQUAD",
                "turn": 0,
                "rightLeg":{
                    "yaw":0.7640756964683533
                }
            },
            {
                "tick":10,
                "easing": "EASEINOUTQUAD",
                "turn": 0,
                "rightLeg":{
                    "yaw":0.7756878733634949
                }
            },
            {
                "tick":11,
                "easing": "EASEINOUTQUAD",
                "turn": 0,
                "rightLeg":{
                    "yaw":0.23307262361049652
                }
            },
            {
                "tick":12,
                "easing": "EASEINOUTQUAD",
                "turn": 0,
                "rightLeg":{
                    "yaw":-0.4381559491157532
                }
            },
            {
                "tick":20,
                "easing": "EASEINOUTQUAD",
                "turn": 0,
                "rightLeg":{
                    "yaw":-0.4381559491157532
                }
            },
            {
                "tick":3,
                "easing": "EASEINOUTQUAD",
                "turn": 0,
                "rightLeg":{
                    "roll":-0.033070776611566544
                }
            },
            {
                "tick":6,
                "easing": "EASEINOUTQUAD",
                "turn": 0,
                "rightLeg":{
                    "roll":-0.3393675684928894
                }
            },
            {
                "tick":10,
                "easing": "EASEINOUTQUAD",
                "turn": 0,
                "rightLeg":{
                    "roll":-0.32809197902679443
                }
            },
            {
                "tick":11,
                "easing": "EASEINOUTQUAD",
                "turn": 0,
                "rightLeg":{
                    "roll":0.013271111994981766
                }
            },
            {
                "tick":12,
                "easing": "EASEINOUTQUAD",
                "turn": 0,
                "rightLeg":{
                    "roll":0.13445769250392914
                }
            },
            {
                "tick":20,
                "easing": "EASEINOUTQUAD",
                "turn": 0,
                "rightLeg":{
                    "roll":0.13445769250392914
                }
            },
            {
                "tick":3,
                "easing": "EASEINOUTQUAD",
                "turn": 0,
                "rightLeg":{
                    "pitch":-0.43839114904403687
                }
            },
            {
                "tick":6,
                "easing": "EASEINOUTQUAD",
                "turn": 0,
                "rightLeg":{
                    "pitch":-0.6389219760894775
                }
            },
            {
                "tick":10,
                "easing": "EASEINOUTQUAD",
                "turn": 0,
                "rightLeg":{
                    "pitch":-0.7773623466491699
                }
            },
            {
                "tick":11,
                "easing": "EASEINOUTQUAD",
                "turn": 0,
                "rightLeg":{
                    "pitch":-0.19044853746891022
                }
            },
            {
                "tick":12,
                "easing": "EASEINOUTQUAD",
                "turn": 0,
                "rightLeg":{
                    "pitch":0.33154815435409546
                }
            },
            {
                "tick":20,
                "easing": "EASEINOUTQUAD",
                "turn": 0,
                "rightLeg":{
                    "pitch":0.33154815435409546
                }
            },
            {
                "tick":3,
                "easing": "EASEINOUTQUAD",
                "turn": 0,
                "rightLeg":{
                    "x":-2.407917881011963
                }
            },
            {
                "tick":6,
                "easing": "EASEINOUTQUAD",
                "turn": 0,
                "rightLeg":{
                    "x":-3.3260785579681396
                }
            },
            {
                "tick":10,
                "easing": "EASEINOUTQUAD",
                "turn": 0,
                "rightLeg":{
                    "x":-4.2185100555419925
                }
            },
            {
                "tick":11,
                "easing": "EASEINOUTQUAD",
                "turn": 0,
                "rightLeg":{
                    "x":-2.464911365509033
                }
            },
            {
                "tick":12,
                "easing": "EASEINOUTQUAD",
                "turn": 0,
                "rightLeg":{
                    "x":-2.7720905780792235
                }
            },
            {
                "tick":20,
                "easing": "EASEINOUTQUAD",
                "turn": 0,
                "rightLeg":{
                    "x":-2.7720905780792235
                }
            },
            {
                "tick":3,
                "easing": "EASEINOUTQUAD",
                "turn": 0,
                "rightLeg":{
                    "y":11.0331472158432
                }
            },
            {
                "tick":6,
                "easing": "EASEINOUTQUAD",
                "turn": 0,
                "rightLeg":{
                    "y":9.272480249404907
                }
            },
            {
                "tick":10,
                "easing": "EASEINOUTQUAD",
                "turn": 0,
                "rightLeg":{
                    "y":8.279904842376709
                }
            },
            {
                "tick":11,
                "easing": "EASEINOUTQUAD",
                "turn": 0,
                "rightLeg":{
                    "y":10.148155212402344
                }
            },
            {
                "tick":12,
                "easing": "EASEINOUTQUAD",
                "turn": 0,
                "rightLeg":{
                    "y":12.082468837499619
                }
            },
            {
                "tick":20,
                "easing": "EASEINOUTQUAD",
                "turn": 0,
                "rightLeg":{
                    "y":12.082468837499619
                }
            },
            {
                "tick":3,
                "easing": "EASEINOUTQUAD",
                "turn": 0,
                "rightLeg":{
                    "z":-0.20337637662887573
                }
            },
            {
                "tick":6,
                "easing": "EASEINOUTQUAD",
                "turn": 0,
                "rightLeg":{
                    "z":-0.19493969678878784
                }
            },
            {
                "tick":10,
                "easing": "EASEINOUTQUAD",
                "turn": 0,
                "rightLeg":{
                    "z":-0.46315320730209353
                }
            },
            {
                "tick":11,
                "easing": "EASEINOUTQUAD",
                "turn": 0,
                "rightLeg":{
                    "z":-0.6923357486724854
                }
            },
            {
                "tick":12,
                "easing": "EASEINOUTQUAD",
                "turn": 0,
                "rightLeg":{
                    "z":-0.18099912405014038
                }
            },
            {
                "tick":20,
                "easing": "EASEINOUTQUAD",
                "turn": 0,
                "rightLeg":{
                    "z":-0.18099912405014038
                }
            },
            {
                "tick":6,
                "easing": "EASEINOUTQUAD",
                "turn": 0,
                "leftLeg":{
                    "yaw":0.7457684278488159
                }
            },
            {
                "tick":10,
                "easing": "EASEINOUTQUAD",
                "turn": 0,
                "leftLeg":{
                    "yaw":0.7359181046485901
                }
            },
            {
                "tick":11,
                "easing": "EASEINOUTQUAD",
                "turn": 0,
                "leftLeg":{
                    "yaw":0.29559215903282166
                }
            },
            {
                "tick":12,
                "easing": "EASEINOUTQUAD",
                "turn": 0,
                "leftLeg":{
                    "yaw":-0.4951215386390686
                }
            },
            {
                "tick":13,
                "easing": "EASEINOUTQUAD",
                "turn": 0,
                "leftLeg":{
                    "yaw":-0.5154203176498413
                }
            },
            {
                "tick":20,
                "easing": "EASEINOUTQUAD",
                "turn": 0,
                "leftLeg":{
                    "yaw":-0.5154203176498413
                }
            },
            {
                "tick":6,
                "easing": "EASEINOUTQUAD",
                "turn": 0,
                "leftLeg":{
                    "roll":-0.3138992488384247
                }
            },
            {
                "tick":10,
                "easing": "EASEINOUTQUAD",
                "turn": 0,
                "leftLeg":{
                    "roll":-0.31788232922554016
                }
            },
            {
                "tick":11,
                "easing": "EASEINOUTQUAD",
                "turn": 0,
                "leftLeg":{
                    "roll":0.007577542215585709
                }
            },
            {
                "tick":12,
                "easing": "EASEINOUTQUAD",
                "turn": 0,
                "leftLeg":{
                    "roll":0.06669341027736664
                }
            },
            {
                "tick":13,
                "easing": "EASEINOUTQUAD",
                "turn": 0,
                "leftLeg":{
                    "roll":0.0842575654387474
                }
            },
            {
                "tick":20,
                "easing": "EASEINOUTQUAD",
                "turn": 0,
                "leftLeg":{
                    "roll":0.0842575654387474
                }
            },
            {
                "tick":6,
                "easing": "EASEINOUTQUAD",
                "turn": 0,
                "leftLeg":{
                    "pitch":-0.26184216141700745
                }
            },
            {
                "tick":10,
                "easing": "EASEINOUTQUAD",
                "turn": 0,
                "leftLeg":{
                    "pitch":-0.13513445854187012
                }
            },
            {
                "tick":11,
                "easing": "EASEINOUTQUAD",
                "turn": 0,
                "leftLeg":{
                    "pitch":-0.5108141303062439
                }
            },
            {
                "tick":12,
                "easing": "EASEINOUTQUAD",
                "turn": 0,
                "leftLeg":{
                    "pitch":-0.3114452064037323
                }
            },
            {
                "tick":13,
                "easing": "EASEINOUTQUAD",
                "turn": 0,
                "leftLeg":{
                    "pitch":-0.5349929332733154
                }
            },
            {
                "tick":20,
                "easing": "EASEINOUTQUAD",
                "turn": 0,
                "leftLeg":{
                    "pitch":-0.5349929332733154
                }
            },
            {
                "tick":6,
                "easing": "EASEINOUTQUAD",
                "turn": 0,
                "leftLeg":{
                    "y":11.840790957212448
                }
            },
            {
                "tick":10,
                "easing": "EASEINOUTQUAD",
                "turn": 0,
                "leftLeg":{
                    "y":11.532469421625137
                }
            },
            {
                "tick":11,
                "easing": "EASEINOUTQUAD",
                "turn": 0,
                "leftLeg":{
                    "y":6.890822887420654
                }
            },
            {
                "tick":12,
                "easing": "EASEINOUTQUAD",
                "turn": 0,
                "leftLeg":{
                    "y":8.56113314628601
                }
            },
            {
                "tick":13,
                "easing": "EASEINOUTQUAD",
                "turn": 0,
                "leftLeg":{
                    "y":10.10432755947113
                }
            },
            {
                "tick":20,
                "easing": "EASEINOUTQUAD",
                "turn": 0,
                "leftLeg":{
                    "y":10.054627180099487
                }
            },
            {
                "tick":6,
                "easing": "EASEINOUTQUAD",
                "turn": 0,
                "leftLeg":{
                    "z":-0.22352778017520905
                }
            },
            {
                "tick":10,
                "easing": "EASEINOUTQUAD",
                "turn": 0,
                "leftLeg":{
                    "z":-0.536426430940628
                }
            },
            {
                "tick":11,
                "easing": "EASEINOUTQUAD",
                "turn": 0,
                "leftLeg":{
                    "z":-2.867392158508301
                }
            },
            {
                "tick":12,
                "easing": "EASEINOUTQUAD",
                "turn": 0,
                "leftLeg":{
                    "z":-1.696357822418213
                }
            },
            {
                "tick":13,
                "easing": "EASEINOUTQUAD",
                "turn": 0,
                "leftLeg":{
                    "z":-1.998789167404175
                }
            },
            {
                "tick":20,
                "easing": "EASEINOUTQUAD",
                "turn": 0,
                "leftLeg":{
                    "z":-2.1495548248291017
                }
            },
            {
                "tick":6,
                "easing": "EASEINOUTQUAD",
                "turn": 0,
                "leftLeg":{
                    "x":2.3258840084075927
                }
            },
            {
                "tick":10,
                "easing": "EASEINOUTQUAD",
                "turn": 0,
                "leftLeg":{
                    "x":2.795562171936035
                }
            },
            {
                "tick":11,
                "easing": "EASEINOUTQUAD",
                "turn": 0,
                "leftLeg":{
                    "x":1.51257004737854
                }
            },
            {
                "tick":12,
                "easing": "EASEINOUTQUAD",
                "turn": 0,
                "leftLeg":{
                    "x":3.4572710037231444
                }
            },
            {
                "tick":13,
                "easing": "EASEINOUTQUAD",
                "turn": 0,
                "leftLeg":{
                    "x":3.814994716644287
                }
            },
            {
                "tick":20,
                "easing": "EASEINOUTQUAD",
                "turn": 0,
                "leftLeg":{
                    "x":3.930092716217041
                }
            },
            {
                "tick":6,
                "easing": "EASEINOUTQUAD",
                "turn": 0,
                "rightItem":{
                    "x":-0.5703027248382568
                }
            },
            {
                "tick":10,
                "easing": "EASEINOUTQUAD",
                "turn": 0,
                "rightItem":{
                    "x":-0.5703027248382568
                }
            },
            {
                "tick":11,
                "easing": "EASEINOUTQUAD",
                "turn": 0,
                "rightItem":{
                    "x":1.1273061037063599
                }
            },
            {
                "tick":12,
                "easing": "EASEINOUTQUAD",
                "turn": 0,
                "rightItem":{
                    "x":-0.002721428871154785
                }
            },
            {
                "tick":6,
                "easing": "EASEINOUTQUAD",
                "turn": 0,
                "rightItem":{
                    "z":-1.5058616399765015
                }
            },
            {
                "tick":10,
                "easing": "EASEINOUTQUAD",
                "turn": 0,
                "rightItem":{
                    "z":-1.5058616399765015
                }
            },
            {
                "tick":11,
                "easing": "EASEINOUTQUAD",
                "turn": 0,
                "rightItem":{
                    "z":-0.284226655960083
                }
            },
            {
                "tick":12,
                "easing": "EASEINOUTQUAD",
                "turn": 0,
                "rightItem":{
                    "z":-0.372283399105072
                }
            },
            {
                "tick":6,
                "easing": "EASEINOUTQUAD",
                "turn": 0,
                "rightItem":{
                    "y":-1.4966931343078613
                }
            },
            {
                "tick":10,
                "easing": "EASEINOUTQUAD",
                "turn": 0,
                "rightItem":{
                    "y":-1.4966931343078613
                }
            },
            {
                "tick":11,
                "easing": "EASEINOUTQUAD",
                "turn": 0,
                "rightItem":{
                    "y":-2.4420011043548584
                }
            },
            {
                "tick":12,
                "easing": "EASEINOUTQUAD",
                "turn": 0,
                "rightItem":{
                    "y":-1.908517599105835
                }
            },
            {
                "tick":6,
                "easing": "EASEINOUTQUAD",
                "turn": 0,
                "rightItem":{
                    "pitch":-0.7085553407669067
                }
            },
            {
                "tick":10,
                "easing": "EASEINOUTQUAD",
                "turn": 0,
                "rightItem":{
                    "pitch":-0.7085553407669067
                }
            },
            {
                "tick":11,
                "easing": "EASEINOUTQUAD",
                "turn": 0,
                "rightItem":{
                    "pitch":-0.8828567266464233
                }
            },
            {
                "tick":12,
                "easing": "EASEINOUTQUAD",
                "turn": 0,
                "rightItem":{
                    "pitch":-1.0790916681289673
                }
            },
            {
                "tick":6,
                "easing": "EASEINOUTQUAD",
                "turn": 0,
                "rightItem":{
                    "yaw":-0.0733308494091034
                }
            },
            {
                "tick":10,
                "easing": "EASEINOUTQUAD",
                "turn": 0,
                "rightItem":{
                    "yaw":-0.0733308494091034
                }
            },
            {
                "tick":11,
                "easing": "EASEINOUTQUAD",
                "turn": 0,
                "rightItem":{
                    "yaw":0.1182248517870903
                }
            },
            {
                "tick":12,
                "easing": "EASEINOUTQUAD",
                "turn": 0,
                "rightItem":{
                    "yaw":-0.032555583864450455
                }
            },
            {
                "tick":6,
                "easing": "EASEINOUTQUAD",
                "turn": 0,
                "rightItem":{
                    "roll":1.2237882614135742
                }
            },
            {
                "tick":10,
                "easing": "EASEINOUTQUAD",
                "turn": 0,
                "rightItem":{
                    "roll":1.2237882614135742
                }
            },
            {
                "tick":11,
                "easing": "EASEINOUTQUAD",
                "turn": 0,
                "rightItem":{
                    "roll":1.3840800523757935
                }
            },
            {
                "tick":12,
                "easing": "EASEINOUTQUAD",
                "turn": 0,
                "rightItem":{
                    "roll":2.117091655731201
                }
            }
        ]
    }
}